case,baseline,evaluation_epoch_count,candidate_rmse_m,baseline_rmse_m,candidate_minus_baseline_rmse_m,ci95_low_m,ci95_high_m,strict_improvement_ci_below_zero,one_sided_bootstrap_p,holm_family,holm_rank,holm_threshold,holm_significant_0p05
natural__hk,grouped_physical_receivers__direct,515,12.00655529980053,11.637659981913837,0.36889531788669316,-0.9481113527723923,1.2447277677837358,False,0.7530246975302469,natural__grouped_physical_receivers__direct,4,0.05,False
natural__hk,grouped_physical_receivers__cauchy,515,12.00655529980053,15.46230323737248,-3.4557479375719495,-5.47526966230133,-1.6624968676204368,True,9.999000099990002e-05,natural__grouped_physical_receivers__cauchy,1,0.0125,True
natural__hk,grouped_physical_receivers__switch_irls,515,12.00655529980053,10.936424073578662,1.0701312262218678,-0.43183779018533797,2.231494760359428,False,0.924007599240076,natural__grouped_physical_receivers__switch_irls,3,0.025,False
natural__hk,grouped_physical_receivers__dcs_irls,515,12.00655529980053,16.35374569962551,-4.34719039982498,-6.633364714401821,-2.1978489821954956,True,9.999000099990002e-05,natural__grouped_physical_receivers__dcs_irls,1,0.0125,True
natural__hk,hierarchical_consensus__cauchy,515,12.00655529980053,12.304365775486348,-0.297810475685818,-1.1048608746997344,0.523153547383038,False,0.25147485251474855,natural__hierarchical_consensus__cauchy,3,0.025,False
natural__hk,fixed_pair_consensus__novatel__ublox_f9p__cauchy,515,12.00655529980053,12.00655529980053,0.0,0.0,0.0,False,1.0,natural__fixed_pair_consensus__novatel__ublox_f9p__cauchy,3,0.05,False
natural__hk,fixed_pair_consensus__novatel__ublox_m8t__cauchy,515,12.00655529980053,12.671695018716578,-0.6651397189160484,-1.681899355735455,0.7694923165069386,False,0.1576842315768423,natural__fixed_pair_consensus__novatel__ublox_m8t__cauchy,2,0.025,False
natural__hk,fixed_pair_consensus__ublox_f9p__ublox_m8t__cauchy,515,12.00655529980053,16.142397277108206,-4.135841977307676,-6.15503697793598,-2.25861174531117,True,9.999000099990002e-05,natural__fixed_pair_consensus__ublox_f9p__ublox_m8t__cauchy,1,0.016666666666666666,True
natural__deep,grouped_physical_receivers__direct,1474,9.95532733927351,13.964775086873535,-4.009447747600026,-7.467746183826457,-1.0326582903371624,True,0.0036996300369963003,natural__grouped_physical_receivers__direct,3,0.025,True
natural__deep,grouped_physical_receivers__cauchy,1474,9.95532733927351,11.161616032718104,-1.2062886934445949,-3.6068299191214144,0.8691347121363173,False,0.1274872512748725,natural__grouped_physical_receivers__cauchy,4,0.05,False
natural__deep,grouped_physical_receivers__switch_irls,1474,9.95532733927351,9.788259636531917,0.16706770274159233,-1.6098432335179385,1.7974609822040695,False,0.5421457854214579,natural__grouped_physical_receivers__switch_irls,2,0.016666666666666666,False
natural__deep,grouped_physical_receivers__dcs_irls,1474,9.95532733927351,10.418334327971259,-0.4630069886977495,-2.715063446134231,1.483864321834663,False,0.31056894310568944,natural__grouped_physical_receivers__dcs_irls,4,0.05,False
natural__deep,hierarchical_consensus__cauchy,1474,9.95532733927351,10.193970546887837,-0.23864320761432722,-1.7632261203174309,0.90772520190276,False,0.34836516348365165,natural__hierarchical_consensus__cauchy,4,0.05,False
natural__deep,fixed_pair_consensus__novatel__ublox_f9p__cauchy,1474,9.95532733927351,10.779810175691548,-0.8244828364180385,-1.4164508130192817,-0.40228905746021265,True,0.00029997000299970003,natural__fixed_pair_consensus__novatel__ublox_f9p__cauchy,1,0.016666666666666666,True
natural__deep,fixed_pair_consensus__novatel__ublox_m8t__cauchy,1474,9.95532733927351,12.294985651015905,-2.3396583117423955,-3.033276227012529,-1.6105377184895455,True,9.999000099990002e-05,natural__fixed_pair_consensus__novatel__ublox_m8t__cauchy,1,0.016666666666666666,True
natural__deep,fixed_pair_consensus__ublox_f9p__ublox_m8t__cauchy,1474,9.95532733927351,14.0155122969302,-4.060184957656691,-5.748348807617228,-2.782845791865121,True,9.999000099990002e-05,natural__fixed_pair_consensus__ublox_f9p__ublox_m8t__cauchy,2,0.025,True
natural__harsh,grouped_physical_receivers__direct,2123,10.535220268385867,26.230372658190902,-15.695152389805035,-18.350560896239912,-13.246093777089097,True,9.999000099990002e-05,natural__grouped_physical_receivers__direct,1,0.0125,True
natural__harsh,grouped_physical_receivers__cauchy,2123,10.535220268385867,17.72081432454224,-7.185594056156372,-8.668788094601652,-5.779118705738524,True,9.999000099990002e-05,natural__grouped_physical_receivers__cauchy,2,0.016666666666666666,True
natural__harsh,grouped_physical_receivers__switch_irls,2123,10.535220268385867,13.692123933883378,-3.156903665497511,-4.395868154683568,-2.043292378308104,True,9.999000099990002e-05,natural__grouped_physical_receivers__switch_irls,1,0.0125,True
natural__harsh,grouped_physical_receivers__dcs_irls,2123,10.535220268385867,15.390296244763926,-4.855075976378059,-6.086414457563697,-3.590761810078419,True,9.999000099990002e-05,natural__grouped_physical_receivers__dcs_irls,2,0.016666666666666666,True
natural__harsh,hierarchical_consensus__cauchy,2123,10.535220268385867,13.438107679136891,-2.902887410751024,-4.607243319154543,-1.541781818363684,True,9.999000099990002e-05,natural__hierarchical_consensus__cauchy,1,0.0125,True
natural__harsh,fixed_pair_consensus__novatel__ublox_f9p__cauchy,2123,10.535220268385867,11.848568718322278,-1.3133484499364112,-2.1928393456789426,-0.5358173804739537,True,0.0005999400059994001,natural__fixed_pair_consensus__novatel__ublox_f9p__cauchy,2,0.025,True
natural__harsh,fixed_pair_consensus__novatel__ublox_m8t__cauchy,2123,10.535220268385867,10.497604432095267,0.03761583629060006,-1.5307792507855138,1.283350841470306,False,0.36306369363063695,natural__fixed_pair_consensus__novatel__ublox_m8t__cauchy,3,0.05,False
natural__harsh,fixed_pair_consensus__ublox_f9p__ublox_m8t__cauchy,2123,10.535220268385867,17.08394667340141,-6.548726405015543,-8.336450267595998,-5.097250309181233,True,9.999000099990002e-05,natural__fixed_pair_consensus__ublox_f9p__ublox_m8t__cauchy,3,0.05,True
natural__phone,grouped_physical_receivers__direct,1858,31.209461896620997,61.15157615761853,-29.94211426099753,-34.12428641904443,-25.984390740749625,True,9.999000099990002e-05,natural__grouped_physical_receivers__direct,2,0.016666666666666666,True
natural__phone,grouped_physical_receivers__cauchy,1858,31.209461896620997,38.34649903240561,-7.137037135784613,-9.160895207544083,-5.217233079344197,True,9.999000099990002e-05,natural__grouped_physical_receivers__cauchy,3,0.025,True
natural__phone,grouped_physical_receivers__switch_irls,1858,31.209461896620997,29.845267146833358,1.3641947497876394,0.3198514654661929,2.4859839635774383,False,0.9938006199380062,natural__grouped_physical_receivers__switch_irls,4,0.05,False
natural__phone,grouped_physical_receivers__dcs_irls,1858,31.209461896620997,33.20090428606058,-1.9914423894395803,-3.2012312045697118,-0.7271477389489441,True,0.0010998900109989002,natural__grouped_physical_receivers__dcs_irls,3,0.025,True
natural__phone,hierarchical_consensus__cauchy,1858,31.209461896620997,34.017924967569655,-2.808463070948658,-4.307426494765493,-1.280838133155991,True,0.00029997000299970003,natural__hierarchical_consensus__cauchy,2,0.016666666666666666,True
natural__phone,fixed_pair_consensus__google_pixel4__huawei_p40pro__cauchy,1858,31.209461896620997,38.75191881012352,-7.542456913502523,-10.024738883789373,-5.258485193044348,True,9.999000099990002e-05,natural__fixed_pair_consensus__google_pixel4__huawei_p40pro__cauchy,1,0.05,True
natural__phone,fixed_pair_consensus__google_pixel4__xiaomi_mi8__cauchy,1858,31.209461896620997,44.157898685861205,-12.948436789240208,-17.087757459863134,-9.021867054249388,True,9.999000099990002e-05,natural__fixed_pair_consensus__google_pixel4__xiaomi_mi8__cauchy,1,0.05,True
natural__phone,fixed_pair_consensus__huawei_p40pro__xiaomi_mi8__cauchy,1858,31.209461896620997,32.96827457517623,-1.758812678555234,-3.4341046890557223,-0.08484057224440311,True,0.019998000199980003,natural__fixed_pair_consensus__huawei_p40pro__xiaomi_mi8__cauchy,1,0.05,True
fault__distributed_novatel_step_f9p_ramp,grouped_physical_receivers__direct,515,22.786227117558045,24.58111078028121,-1.7948836627231657,-2.819718314752627,-0.23379066780877064,True,0.010798920107989201,fault__grouped_physical_receivers__direct,5,0.016666666666666666,True
fault__distributed_novatel_step_f9p_ramp,grouped_physical_receivers__cauchy,515,22.786227117558045,23.78739563738835,-1.0011685198303049,-6.6541155332912085,3.5614785249675633,False,0.28247175282471754,fault__grouped_physical_receivers__cauchy,6,0.025,False
fault__distributed_novatel_step_f9p_ramp,grouped_physical_receivers__switch_irls,515,22.786227117558045,32.541689665965826,-9.755462548407781,-13.648617081350931,-4.780560082713492,True,9.999000099990002e-05,fault__grouped_physical_receivers__switch_irls,1,0.0071428571428571435,True
fault__distributed_novatel_step_f9p_ramp,grouped_physical_receivers__dcs_irls,515,22.786227117558045,36.06256232139665,-13.276335203838602,-18.623384670169184,-7.139510739000828,True,9.999000099990002e-05,fault__grouped_physical_receivers__dcs_irls,1,0.0071428571428571435,True
fault__distributed_novatel_step_f9p_ramp,hierarchical_consensus__cauchy,515,22.786227117558045,23.465833260117353,-0.6796061425593081,-5.22466125180819,2.902577656016248,False,0.2926707329267073,fault__hierarchical_consensus__cauchy,6,0.025,False
fault__distributed_novatel_step_f9p_ramp,fixed_pair_consensus__novatel__ublox_f9p__cauchy,515,22.786227117558045,22.786227117558045,0.0,0.0,0.0,False,1.0,fault__fixed_pair_consensus__novatel__ublox_f9p__cauchy,5,0.016666666666666666,False
fault__distributed_novatel_step_f9p_ramp,fixed_pair_consensus__novatel__ublox_m8t__cauchy,515,22.786227117558045,20.90773242080773,1.878494696750316,-1.532367782584789,4.659830125265357,False,0.804019598040196,fault__fixed_pair_consensus__novatel__ublox_m8t__cauchy,7,0.05,False
fault__distributed_novatel_step_f9p_ramp,fixed_pair_consensus__ublox_f9p__ublox_m8t__cauchy,515,22.786227117558045,32.244201160957196,-9.457974043399151,-16.974748225334224,-2.7459879187530523,True,0.0027997200279972004,fault__fixed_pair_consensus__ublox_f9p__ublox_m8t__cauchy,6,0.025,True
fault__novatel_ramp,grouped_physical_receivers__direct,515,13.004203413347222,13.560851302346215,-0.5566478889989934,-3.458734949054481,1.6359165275402894,False,0.3210678932106789,fault__grouped_physical_receivers__direct,6,0.025,False
fault__novatel_ramp,grouped_physical_receivers__cauchy,515,13.004203413347222,18.526554967522827,-5.522351554175605,-8.31342242672768,-2.9796479056891783,True,9.999000099990002e-05,fault__grouped_physical_receivers__cauchy,1,0.0071428571428571435,True
fault__novatel_ramp,grouped_physical_receivers__switch_irls,515,13.004203413347222,13.876301083664513,-0.8720976703172916,-1.8344736846277965,-0.1278581450565102,True,0.011698830116988301,fault__grouped_physical_receivers__switch_irls,4,0.0125,True
fault__novatel_ramp,grouped_physical_receivers__dcs_irls,515,13.004203413347222,21.031296508650964,-8.027093095303742,-11.712830332997619,-4.547752653444363,True,9.999000099990002e-05,fault__grouped_physical_receivers__dcs_irls,2,0.008333333333333333,True
fault__novatel_ramp,hierarchical_consensus__cauchy,515,13.004203413347222,20.411255088823122,-7.4070516754759,-10.345140132530911,-4.751228290714868,True,9.999000099990002e-05,fault__hierarchical_consensus__cauchy,1,0.0071428571428571435,True
fault__novatel_ramp,fixed_pair_consensus__novatel__ublox_f9p__cauchy,515,13.004203413347222,18.2364575936745,-5.2322541803272795,-7.588319848199735,-2.69824009504987,True,9.999000099990002e-05,fault__fixed_pair_consensus__novatel__ublox_f9p__cauchy,1,0.0071428571428571435,True
fault__novatel_ramp,fixed_pair_consensus__novatel__ublox_m8t__cauchy,515,13.004203413347222,27.389951790071926,-14.385748376724704,-18.025958002837278,-10.477722043892015,True,9.999000099990002e-05,fault__fixed_pair_consensus__novatel__ublox_m8t__cauchy,1,0.0071428571428571435,True
fault__novatel_ramp,fixed_pair_consensus__ublox_f9p__ublox_m8t__cauchy,515,13.004203413347222,16.00360450883879,-2.999401095491569,-4.575164925831456,-1.6689325063651226,True,9.999000099990002e-05,fault__fixed_pair_consensus__ublox_f9p__ublox_m8t__cauchy,1,0.0071428571428571435,True
fault__novatel_step,grouped_physical_receivers__direct,515,16.879898584363822,11.861962908124816,5.017935676239006,1.1316089338146835,8.347244404785666,False,0.9922007799220078,fault__grouped_physical_receivers__direct,7,0.05,False
fault__novatel_step,grouped_physical_receivers__cauchy,515,16.879898584363822,20.16873304383853,-3.2888344594747068,-5.1917788500391,-1.7738748626703784,True,9.999000099990002e-05,fault__grouped_physical_receivers__cauchy,2,0.008333333333333333,True
fault__novatel_step,grouped_physical_receivers__switch_irls,515,16.879898584363822,16.823953420315714,0.0559451640481079,-0.9745489226631263,0.7083340454462125,False,0.5222477752224778,fault__grouped_physical_receivers__switch_irls,5,0.016666666666666666,False
fault__novatel_step,grouped_physical_receivers__dcs_irls,515,16.879898584363822,23.144196944769618,-6.264298360405796,-9.254930736671422,-3.6175570284264227,True,9.999000099990002e-05,fault__grouped_physical_receivers__dcs_irls,3,0.01,True
fault__novatel_step,hierarchical_consensus__cauchy,515,16.879898584363822,18.065273446638923,-1.1853748622751006,-2.0151125384307433,-0.7196268272245209,True,9.999000099990002e-05,fault__hierarchical_consensus__cauchy,2,0.008333333333333333,True
fault__novatel_step,fixed_pair_consensus__novatel__ublox_f9p__cauchy,515,16.879898584363822,16.30940736545319,0.5704912189106324,-1.7974996393881277,2.6184679655727137,False,0.7148285171482852,fault__fixed_pair_consensus__novatel__ublox_f9p__cauchy,4,0.0125,False
fault__novatel_step,fixed_pair_consensus__novatel__ublox_m8t__cauchy,515,16.879898584363822,20.90773242080773,-4.027833836443907,-6.077825437575539,-2.8102009349546075,True,9.999000099990002e-05,fault__fixed_pair_consensus__novatel__ublox_m8t__cauchy,2,0.008333333333333333,True
fault__novatel_step,fixed_pair_consensus__ublox_f9p__ublox_m8t__cauchy,515,16.879898584363822,16.00360450883879,0.8762940755250312,-0.23411746475409048,1.7219245548520876,False,0.9424057594240576,fault__fixed_pair_consensus__ublox_f9p__ublox_m8t__cauchy,7,0.05,False
fault__ublox_f9p_ramp,grouped_physical_receivers__direct,515,11.965798152853216,23.820727131779083,-11.854928978925868,-14.7804440439298,-8.052647523837479,True,9.999000099990002e-05,fault__grouped_physical_receivers__direct,1,0.0071428571428571435,True
fault__ublox_f9p_ramp,grouped_physical_receivers__cauchy,515,11.965798152853216,17.327342683804076,-5.3615445309508605,-8.080719785271024,-3.137741590148952,True,9.999000099990002e-05,fault__grouped_physical_receivers__cauchy,3,0.01,True
fault__ublox_f9p_ramp,grouped_physical_receivers__switch_irls,515,11.965798152853216,30.481717696361784,-18.515919543508566,-23.830151981140318,-11.714477289144611,True,9.999000099990002e-05,fault__grouped_physical_receivers__switch_irls,2,0.008333333333333333,True
fault__ublox_f9p_ramp,grouped_physical_receivers__dcs_irls,515,11.965798152853216,33.360671045941515,-21.394872893088298,-26.97370588357741,-14.140130888180524,True,9.999000099990002e-05,fault__grouped_physical_receivers__dcs_irls,4,0.0125,True
fault__ublox_f9p_ramp,hierarchical_consensus__cauchy,515,11.965798152853216,16.616374118317907,-4.650575965464691,-6.843041005348986,-2.6988632742072545,True,9.999000099990002e-05,fault__hierarchical_consensus__cauchy,3,0.01,True
fault__ublox_f9p_ramp,fixed_pair_consensus__novatel__ublox_f9p__cauchy,515,11.965798152853216,17.12028389023726,-5.154485737384045,-7.797814549627743,-2.367270665444216,True,0.00019998000199980003,fault__fixed_pair_consensus__novatel__ublox_f9p__cauchy,3,0.01,True
fault__ublox_f9p_ramp,fixed_pair_consensus__novatel__ublox_m8t__cauchy,515,11.965798152853216,12.688861716813365,-0.7230635639601495,-1.2363643478061919,-0.11764598165441041,True,0.011898810118988102,fault__fixed_pair_consensus__novatel__ublox_m8t__cauchy,4,0.0125,True
fault__ublox_f9p_ramp,fixed_pair_consensus__ublox_f9p__ublox_m8t__cauchy,515,11.965798152853216,32.244201160957196,-20.27840300810398,-27.0626506010937,-13.665378514317116,True,9.999000099990002e-05,fault__fixed_pair_consensus__ublox_f9p__ublox_m8t__cauchy,2,0.008333333333333333,True
fault__ublox_f9p_step,grouped_physical_receivers__direct,515,11.030875675545126,15.760366721569136,-4.729491046024011,-6.706074180962893,-3.014328288851531,True,9.999000099990002e-05,fault__grouped_physical_receivers__direct,2,0.008333333333333333,True
fault__ublox_f9p_step,grouped_physical_receivers__cauchy,515,11.030875675545126,11.111401073147329,-0.08052539760220334,-1.5849701494000057,1.0400664793067347,False,0.44185581441855815,fault__grouped_physical_receivers__cauchy,7,0.05,False
fault__ublox_f9p_step,grouped_physical_receivers__switch_irls,515,11.030875675545126,22.040289252797624,-11.009413577252499,-13.216827760035192,-8.573821754845065,True,9.999000099990002e-05,fault__grouped_physical_receivers__switch_irls,3,0.01,True
fault__ublox_f9p_step,grouped_physical_receivers__dcs_irls,515,11.030875675545126,20.94790561123591,-9.917029935690785,-12.171663804966116,-7.458827604010642,True,9.999000099990002e-05,fault__grouped_physical_receivers__dcs_irls,5,0.016666666666666666,True
fault__ublox_f9p_step,hierarchical_consensus__cauchy,515,11.030875675545126,12.808455683450799,-1.777580007905673,-3.285310712194348,-0.10213685173511922,True,0.019698030196980302,fault__hierarchical_consensus__cauchy,5,0.016666666666666666,False
fault__ublox_f9p_step,fixed_pair_consensus__novatel__ublox_f9p__cauchy,515,11.030875675545126,12.820486811256005,-1.7896111357108797,-2.369497152125485,-0.989191442853233,True,9.999000099990002e-05,fault__fixed_pair_consensus__novatel__ublox_f9p__cauchy,2,0.008333333333333333,True
fault__ublox_f9p_step,fixed_pair_consensus__novatel__ublox_m8t__cauchy,515,11.030875675545126,12.688861716813365,-1.6579860412682397,-3.525452504748684,0.8248788919725109,False,0.07889211078892111,fault__fixed_pair_consensus__novatel__ublox_m8t__cauchy,6,0.025,False
fault__ublox_f9p_step,fixed_pair_consensus__ublox_f9p__ublox_m8t__cauchy,515,11.030875675545126,21.038955868297286,-10.00808019275216,-13.173662022380823,-7.218977582054375,True,9.999000099990002e-05,fault__fixed_pair_consensus__ublox_f9p__ublox_m8t__cauchy,3,0.01,True
fault__ublox_m8t_ramp,grouped_physical_receivers__direct,515,12.006555299800494,16.018009886771782,-4.011454586971288,-5.0737109148988955,-3.181543805499786,True,9.999000099990002e-05,fault__grouped_physical_receivers__direct,3,0.01,True
fault__ublox_m8t_ramp,grouped_physical_receivers__cauchy,515,12.006555299800494,14.232405772608546,-2.2258504728080517,-3.682384085616856,-0.8670944539116909,True,9.999000099990002e-05,fault__grouped_physical_receivers__cauchy,4,0.0125,True
fault__ublox_m8t_ramp,grouped_physical_receivers__switch_irls,515,12.006555299800494,10.798629716433943,1.207925583366551,-1.4230505748653643,3.304637411921126,False,0.8242175782421758,fault__grouped_physical_receivers__switch_irls,6,0.025,False
fault__ublox_m8t_ramp,grouped_physical_receivers__dcs_irls,515,12.006555299800494,13.278382722018383,-1.2718274222178891,-2.355498801408642,-0.20550062890324836,True,0.0071992800719928,fault__grouped_physical_receivers__dcs_irls,6,0.025,True
fault__ublox_m8t_ramp,hierarchical_consensus__cauchy,515,12.006555299800494,11.266062006705567,0.7404932930949268,-0.23630444033568235,2.088635102760694,False,0.9294070592940706,fault__hierarchical_consensus__cauchy,7,0.05,False
fault__ublox_m8t_ramp,fixed_pair_consensus__novatel__ublox_f9p__cauchy,515,12.006555299800494,12.006555299800494,0.0,0.0,0.0,False,1.0,fault__fixed_pair_consensus__novatel__ublox_f9p__cauchy,6,0.025,False
fault__ublox_m8t_ramp,fixed_pair_consensus__novatel__ublox_m8t__cauchy,515,12.006555299800494,18.69662406036184,-6.690068760561347,-8.672921484686693,-4.083304293375872,True,9.999000099990002e-05,fault__fixed_pair_consensus__novatel__ublox_m8t__cauchy,3,0.01,True
fault__ublox_m8t_ramp,fixed_pair_consensus__ublox_f9p__ublox_m8t__cauchy,515,12.006555299800494,19.829431654958118,-7.822876355157623,-10.21060309678405,-4.955231244447477,True,9.999000099990002e-05,fault__fixed_pair_consensus__ublox_f9p__ublox_m8t__cauchy,4,0.0125,True
fault__ublox_m8t_step,grouped_physical_receivers__direct,515,12.006555299800494,15.794315743678727,-3.7877604438782324,-5.421000336609745,-2.5810930569390482,True,9.999000099990002e-05,fault__grouped_physical_receivers__direct,4,0.0125,True
fault__ublox_m8t_step,grouped_physical_receivers__cauchy,515,12.006555299800494,13.478807628202958,-1.4722523284024636,-2.8772920049984703,-0.003751379219760631,True,0.024397560243975602,fault__grouped_physical_receivers__cauchy,5,0.016666666666666666,False
fault__ublox_m8t_step,grouped_physical_receivers__switch_irls,515,12.006555299800494,10.344488605143786,1.6620666946567084,0.251271049029945,2.768766711118977,False,0.9884011598840116,fault__grouped_physical_receivers__switch_irls,7,0.05,False
fault__ublox_m8t_step,grouped_physical_receivers__dcs_irls,515,12.006555299800494,12.578783829505959,-0.5722285297054643,-1.502729070823788,0.3201565375641734,False,0.11138886111388861,fault__grouped_physical_receivers__dcs_irls,7,0.05,False
fault__ublox_m8t_step,hierarchical_consensus__cauchy,515,12.006555299800494,13.60785029418705,-1.6012949943865564,-2.9569153006658424,-0.21279804210255865,True,0.008899110088991101,fault__hierarchical_consensus__cauchy,4,0.0125,True
fault__ublox_m8t_step,fixed_pair_consensus__novatel__ublox_f9p__cauchy,515,12.006555299800494,12.006555299800494,0.0,0.0,0.0,False,1.0,fault__fixed_pair_consensus__novatel__ublox_f9p__cauchy,7,0.05,False
fault__ublox_m8t_step,fixed_pair_consensus__novatel__ublox_m8t__cauchy,515,12.006555299800494,12.91602275724875,-0.9094674574482564,-1.602661026706854,0.3524573619512105,False,0.0740925907409259,fault__fixed_pair_consensus__novatel__ublox_m8t__cauchy,5,0.016666666666666666,False
fault__ublox_m8t_step,fixed_pair_consensus__ublox_f9p__ublox_m8t__cauchy,515,12.006555299800494,14.166885041346813,-2.1603297415463185,-3.217749791474506,-0.7927217293083539,True,0.0008999100089991,fault__fixed_pair_consensus__ublox_f9p__ublox_m8t__cauchy,5,0.016666666666666666,True
